{
  "best_global_step": null,
  "best_metric": null,
  "best_model_checkpoint": null,
  "epoch": 1.7543859649122808,
  "eval_steps": 500,
  "global_step": 100,
  "is_hyper_param_search": false,
  "is_local_process_zero": true,
  "is_world_process_zero": true,
  "log_history": [
    {
      "epoch": 0.43859649122807015,
      "grad_norm": 0.8980479836463928,
      "learning_rate": 9.709221818197624e-05,
      "loss": 2.1277,
      "step": 25
    },
    {
      "epoch": 0.8771929824561403,
      "grad_norm": 1.2094876766204834,
      "learning_rate": 8.415789564684673e-05,
      "loss": 1.6669,
      "step": 50
    },
    {
      "epoch": 1.3157894736842106,
      "grad_norm": 1.7647942304611206,
      "learning_rate": 6.36292788227699e-05,
      "loss": 1.333,
      "step": 75
    },
    {
      "epoch": 1.7543859649122808,
      "grad_norm": 1.927659034729004,
      "learning_rate": 4.007047666771274e-05,
      "loss": 1.054,
      "step": 100
    }
  ],
  "logging_steps": 25,
  "max_steps": 171,
  "num_input_tokens_seen": 0,
  "num_train_epochs": 3,
  "save_steps": 100,
  "stateful_callbacks": {
    "TrainerControl": {
      "args": {
        "should_epoch_stop": false,
        "should_evaluate": false,
        "should_log": false,
        "should_save": true,
        "should_training_stop": false
      },
      "attributes": {}
    }
  },
  "total_flos": 2040925485514752.0,
  "train_batch_size": 4,
  "trial_name": null,
  "trial_params": null
}
